Ano;Texto
1998;Um texto resumindo o ano de 1998
1999;Um texto resumindo o ano de 1999
2000;Um texto resumindo o ano de 2000
2001;Um texto resumindo o ano de 2001
2002;Um texto resumindo o ano de 2002
2003;Um texto resumindo o ano de 2003
2004;Um texto resumindo o ano de 2004
2005;Um texto resumindo o ano de 2005
2006;Um texto resumindo o ano de 2006
2007;Um texto resumindo o ano de 2007
2008;Um texto resumindo o ano de 2008
2009;Um texto resumindo o ano de 2009
2010;Um texto resumindo o ano de 2010
2011;Um texto resumindo o ano de 2011
2012;Um texto resumindo o ano de 2012
2013;Um texto resumindo o ano de 2013
2014;Um texto resumindo o ano de 2014
2015;Um texto resumindo o ano de 2015
2016;Um texto resumindo o ano de 2016
2017;Um texto resumindo o ano de 2017
2018;Um texto resumindo o ano de 2018
2019;Um texto resumindo o ano de 2019
2020;Um texto resumindo o ano de 2020
